{"properties": [
  {
    "name": "spring.datasource.primary.password",
    "type": "java.lang.String",
    "description": "A description for 'spring.datasource.primary.password'"
  },
  {
    "name": "spring.datasource.primary.driver-class-name",
    "type": "java.lang.String",
    "description": "A description for 'spring.datasource.primary.driver-class-name'"
  },
  {
    "name": "spring.datasource.primary.driver-class-name",
    "type": "java.lang.String",
    "description": "A description for 'spring.datasource.primary.driver-class-name'"
  }
]}